Trans Code Type,Cr_Db,ACCOUNT_KEY,Month of Trans Date,TRANS_CNT,TRANS_AMT
ACH,Credit,2CAL TEL IN 000,201801,6,8382
ACH,Credit,2CAL TEL IN 000,201802,4,27619
ACH,Credit,2CAL TEL IN 000,201803,2,26493
ACH,Credit,2CAL TEL IN 000,201804,5,30771
ACH,Credit,2CAL TEL IN 000,201805,3,69083
ACH,Credit,2CAL TEL IN 000,201806,3,53014
ACH,Credit,2CAL TEL IN 000,201807,2,15450
ACH,Credit,2CAL TEL IN 000,201808,4,39664
ACH,Credit,2CAL TEL IN 000,201809,1,6569
ACH,Credit,AAAS CO S  A000,201801,7,20136
ACH,Credit,AAAS CO S  A000,201802,12,202693
ACH,Credit,AAAS CO S  A000,201803,12,83981
ACH,Credit,AAAS CO S  A000,201804,15,314064
ACH,Credit,AAAS CO S  A000,201805,12,57631
ACH,Credit,AAAS CO S  A000,201806,12,357733
ACH,Credit,AAAS CO S  A000,201807,13,199712
ACH,Credit,AAAS CO S  A000,201808,12,180067
ACH,Credit,AAAS CO S  A000,201809,13,171769
ACH,Credit,AAAS CO S  A000,201810,9,180313
ACH,Credit,AAAS CO S  A000,201811,9,24777
ACH,Credit,AAAS CO S  A000,201812,12,200847
ACH,Credit,AAAS CO S  A000,201801,12,40115
ACH,Credit,AAAS CO S  A000,201802,12,28986
ACH,Credit,AAAS CO S  A000,201803,21,327360
ACH,Credit,AAAS CO S  A000,201804,11,41047
ACH,Credit,AAAS CO S  A000,201805,17,196524
ACH,Credit,AAAS CO S  A000,201806,15,394872
ACH,Credit,ABBOUD.3V5J.000,201802,2,0
ACH,Credit,ABBOUD.3V5J.000,201803,1,20000
ACH,Credit,ABBOUD.3V5J.000,201806,1,16000
ACH,Credit,ACHE SA     000,201812,2,1969
ACH,Credit,ACHE SA     000,201801,3,4064
ACH,Credit,ACHE SA     000,201802,4,6476
ACH,Credit,ACHE SA     000,201803,5,8772
ACH,Credit,ACHE SA     000,201804,3,4370
ACH,Credit,ACHE SA     000,201805,4,7629
ACH,Credit,ACHE SA     000,201806,4,10137
ACH,Credit,ACT  AS C DT000,201805,1,1449
ACH,Credit,ACUNA..0M4A.000,201810,1,7318
ACH,Credit,ACUNA..0M4A.000,201806,1,7382
ACH,Credit,ADIU SOC AN 000,201812,4,2232
ACH,Credit,ADIU SOC AN 000,201801,2,1626
ACH,Credit,ADIU SOC AN 000,201802,3,1272
ACH,Credit,ADIU SOC AN 000,201803,9,8205
ACH,Credit,ADIU SOC AN 000,201804,7,5444
ACH,Credit,ADIU SOC AN 000,201805,6,6146
ACH,Credit,ADIU SOC AN 000,201806,5,5282
ACH,Credit,ADQU DE D YC001,201809,2,1
ACH,Credit,AGEN PO D PS001,201811,1,17306
ACH,Credit,AGP  GRO CO 001,201808,2,6667
ACH,Credit,AGP  GRO CO 001,201809,1,6667
ACH,Credit,AGP  GRO CO 001,201810,1,8353
ACH,Credit,AGP  GRO CO 001,201811,1,8153
ACH,Credit,AGP  GRO CO 001,201812,1,6667
ACH,Credit,AGP  GRO CO 001,201801,1,6667
ACH,Credit,AGP  GRO CO 001,201802,1,6674
ACH,Credit,AGP  GRO CO 001,201803,1,6667
ACH,Credit,AGP  GRO CO 001,201804,1,6667
ACH,Credit,AGP  GRO CO 001,201805,1,6667
ACH,Credit,AGP  GRO CO 001,201806,1,6667
ACH,Credit,AGRI S   A  000,201801,3,1506
ACH,Credit,AGRI S   A  000,201802,2,4759
ACH,Credit,AGRI S   A  000,201803,3,1448
ACH,Credit,AGRI S   A  000,201804,1,1011
ACH,Credit,AGRI S   A  000,201805,3,3352
ACH,Credit,AGRI S   A  000,201806,3,2253
ACH,Credit,AGRI S   A  000,201807,3,2098
ACH,Credit,AGRI S   A  000,201808,8,2790
ACH,Credit,AGRI S   A  000,201809,8,7257
ACH,Credit,AGRI S   A  000,201810,6,1911
ACH,Credit,AGRI S   A  000,201811,8,8494
ACH,Credit,AGRI S   A  000,201812,7,5514
ACH,Credit,AGRI S   A  000,201801,6,5139
ACH,Credit,AGRI S   A  000,201802,7,14322
ACH,Credit,AGRI S   A  000,201803,6,19844
ACH,Credit,AGRI S   A  000,201804,3,2169
ACH,Credit,AGRI S   A  000,201805,3,689
ACH,Credit,AGRI S   A  000,201806,4,4667
ACH,Credit,AGRI S   A  001,201801,7,8687
ACH,Credit,AGRI S   A  001,201802,7,7402
ACH,Credit,AGRI S   A  001,201803,7,53469
ACH,Credit,AGRI S   A  001,201804,8,20307
ACH,Credit,AGRI S   A  001,201805,7,19117
ACH,Credit,AGRI S   A  001,201806,8,29587
ACH,Credit,AGRI S   A  001,201807,7,6160
ACH,Credit,AGRI S   A  001,201808,8,11591
ACH,Credit,AGRI S   A  001,201809,9,17712
ACH,Credit,AGRI S   A  001,201810,5,9617
ACH,Credit,AGRI S   A  001,201811,7,16847
ACH,Credit,AGRI S   A  001,201812,4,5922
ACH,Credit,AGRI S   A  001,201801,1,5093
ACH,Credit,AGRI S   A  001,201802,1,301
ACH,Credit,AGRI S   A  001,201803,5,58615
ACH,Credit,AGRI S   A  001,201804,2,21523
ACH,Credit,AGRI S   A  001,201805,3,5395
ACH,Credit,AGRI S   A  001,201806,2,17513
ACH,Credit,AGUILAR9A4C.000,201803,2,5508
ACH,Credit,AGUILAR9A4C.000,201804,2,5508
ACH,Credit,AGUILAR9A4C.000,201805,2,6508
ACH,Credit,AGUILAR9A4C.000,201806,3,8049
ACH,Credit,ALIA CORP   000,201801,10,28474
ACH,Credit,ALIA CORP   000,201802,10,64398
ACH,Credit,ALIA CORP   000,201803,14,43474
ACH,Credit,ALIA CORP   000,201804,6,16376
ACH,Credit,ALIA CORP   000,201805,15,40024
ACH,Credit,ALIA CORP   000,201806,12,49712
ACH,Credit,ALIA CORP   000,201807,17,121406
ACH,Credit,ALIA CORP   000,201808,16,39785
ACH,Credit,ALIA CORP   000,201809,25,59979
ACH,Credit,ALIA CORP   000,201810,26,38707
ACH,Credit,ALIA CORP   000,201811,26,47872
ACH,Credit,ALIA CORP   000,201812,29,43594
ACH,Credit,ALIA CORP   000,201801,31,45586
ACH,Credit,ALIA CORP   000,201802,21,117226
ACH,Credit,ALIA CORP   000,201803,33,67868
ACH,Credit,ALIA CORP   000,201804,22,41512
ACH,Credit,ALIA CORP   000,201805,28,60806
ACH,Credit,ALIA CORP   000,201806,29,52625
ACH,Credit,ALIA LO TD S000,201808,1,1527
ACH,Credit,ALIA LO TD S000,201809,1,241
ACH,Credit,ALIA LO TD S000,201801,1,3495
ACH,Credit,ALIA LO TD S000,201802,3,7380
ACH,Credit,ALIA LO TD S000,201803,1,1980
ACH,Credit,ALIA LO TD S000,201804,4,8930
ACH,Credit,ALIA LO TD S000,201805,5,7480
ACH,Credit,ALIA LO TD S000,201806,2,13566
ACH,Credit,ALIM IN DE N000,201809,1,13771
ACH,Credit,ALIM IN DE N000,201811,2,39453
ACH,Credit,ALIM IN DE N000,201801,1,11432
ACH,Credit,ALIM IN DE N000,201802,1,8964
ACH,Credit,ALIM IN DE N000,201803,2,64867
ACH,Credit,ALIM IN DE N000,201804,4,241381
ACH,Credit,ALIM IN DE N000,201805,3,27678
ACH,Credit,ALL  FO WO L000,201801,1,4974
ACH,Credit,ALL  FO WO L000,201802,4,40000
ACH,Credit,ALL  FO WO L000,201803,4,63063
ACH,Credit,ALL  FO WO L000,201804,6,70549
ACH,Credit,ALL  FO WO L000,201805,2,60000
ACH,Credit,ALL  FO WO L000,201806,5,97032
ACH,Credit,ALL  FO WO L000,201807,3,90000
ACH,Credit,ALL  FO WO L000,201808,3,90000
ACH,Credit,ALL  FO WO L000,201809,3,62842
ACH,Credit,ALL  FO WO L000,201810,4,95000
ACH,Credit,ALL  FO WO L000,201811,3,65224
ACH,Credit,ALL  FO WO L000,201812,4,93246
ACH,Credit,ALL  FO WO L000,201802,1,10000
ACH,Credit,ALL  FO WO L000,201803,4,94990
ACH,Credit,ALL  FO WO L000,201804,2,90000
ACH,Credit,ALL  FO WO L000,201805,4,185516
ACH,Credit,ALL  FO WO L000,201806,1,60000
ACH,Credit,ALL  IN TO C000,201801,2,6761
ACH,Credit,ALL  IN TO C000,201802,1,543
ACH,Credit,ALL  IN TO C000,201803,4,2465
ACH,Credit,ALL  IN TO C000,201804,8,6924
ACH,Credit,ALL  IN TO C000,201805,5,10985
ACH,Credit,ALL  IN TO C000,201806,9,6681
ACH,Credit,ALL  IN TO C000,201807,7,17792
ACH,Credit,ALL  IN TO C000,201808,10,17399
ACH,Credit,ALL  IN TO C000,201809,4,8921
ACH,Credit,ALL  IN TO C000,201810,8,11787
ACH,Credit,ALL  IN TO C000,201811,3,1079
ACH,Credit,ALL  IN TO C000,201812,8,5416
ACH,Credit,ALL  IN TO C000,201801,4,4326
ACH,Credit,ALL  IN TO C000,201802,4,3197
ACH,Credit,ALL  IN TO C000,201803,3,1770
ACH,Credit,ALL  IN TO C000,201804,2,840
ACH,Credit,ALL  IN TO C000,201805,6,3465
ACH,Credit,ALL  IN TO C000,201806,6,12434
ACH,Credit,ALLT COR LL 000,201801,2,4
ACH,Credit,ALLT COR LL 000,201802,1,6
ACH,Credit,ALLT COR LL 000,201803,3,6
ACH,Credit,ALLT COR LL 000,201805,1,1
ACH,Credit,ALLT COR LL 000,201806,3,3
ACH,Credit,ALLT COR LL 000,201807,2,4
ACH,Credit,ALLT COR LL 000,201808,1,1
ACH,Credit,ALLT COR LL 000,201809,2,3
ACH,Credit,ALLT COR LL 000,201812,1,1
ACH,Credit,ALTI IN GR L000,201801,1,134
ACH,Credit,ALTI IN GR L000,201803,1,278
ACH,Credit,ALVAREZ4J3C.000,201806,1,39427
ACH,Credit,AMAZ AR A GD001,201801,5,17979
ACH,Credit,AMAZ AR A GD001,201802,9,7310
ACH,Credit,AMAZ AR A GD001,201803,6,7700
ACH,Credit,AMAZ AR A GD001,201804,6,10821
ACH,Credit,AMAZ AR A GD001,201805,7,16180
ACH,Credit,AMAZ AR A GD001,201806,6,10418
ACH,Credit,AMAZ AR A GD001,201807,5,6580
ACH,Credit,AMAZ AR A GD001,201808,6,5260
ACH,Credit,AMAZ AR A GD001,201809,4,6173
ACH,Credit,AMAZ AR A GD001,201810,4,5854
ACH,Credit,AMAZ AR A GD001,201811,6,5633
ACH,Credit,AMAZ AR A GD001,201812,3,6589
ACH,Credit,AMAZ AR A GD001,201801,3,6309
ACH,Credit,AMAZ AR A GD001,201802,3,3036
ACH,Credit,AMAZ AR A GD001,201803,4,17009
ACH,Credit,AMAZ AR A GD001,201804,3,5009
ACH,Credit,AMAZ AR A GD001,201805,9,7346
ACH,Credit,AMAZ AR A GD001,201806,8,10929
ACH,Credit,ANDE EXP CO 000,201807,1,195
ACH,Credit,ANDE EXP CO 000,201809,1,1875
ACH,Credit,ANDE EXP CO 000,201805,1,2659
ACH,Debit,2CAL TEL IN 000,201801,2,407
ACH,Debit,2CAL TEL IN 000,201802,8,614
ACH,Debit,2CAL TEL IN 000,201803,11,10173
ACH,Debit,2CAL TEL IN 000,201804,4,7270
ACH,Debit,2CAL TEL IN 000,201805,3,7215
ACH,Debit,3101 66 SO A000,201802,1,23
ACH,Debit,ABARCA.6A2M.000,201805,1,17
ACH,Debit,ABARCA.6A2M.000,201808,1,94
ACH,Debit,ABARCA.6A2M.000,201809,2,1642
ACH,Debit,ABARCA.6A2M.000,201810,2,1640
ACH,Debit,ABARCA.6A2M.000,201811,3,1660
ACH,Debit,ABARCA.6A2M.000,201812,2,1638
ACH,Debit,ABBOUD.3V5J.000,201802,1,0
ACH,Debit,ACHE SA     000,201812,1,22
ACH,Debit,ACT  AS C DT000,201803,1,456
ACH,Debit,ACUNA..0M4A.000,201809,1,22
ACH,Debit,ACUNA..0M4A.000,201801,1,6990
ACH,Debit,ADQU DE D YC001,201805,1,22
ACH,Debit,ADQU DE D YC001,201809,1,1
ACH,Debit,AGEN PO D PS001,201807,1,101
ACH,Debit,AGM  TEC IN 000,201804,1,1958
ACH,Debit,AGM  TEC IN 000,201806,1,1883
ACH,Debit,AGM  TEC IN 000,201809,1,1883
ACH,Debit,AGM  TEC IN 000,201812,1,1883
ACH,Debit,AGM  TEC IN 000,201804,1,2472
ACH,Debit,AGP  GRO CO 001,201801,6,1829
ACH,Debit,AGP  GRO CO 001,201802,3,520
ACH,Debit,AGP  GRO CO 001,201803,4,814
ACH,Debit,AGP  GRO CO 001,201804,5,1507
ACH,Debit,AGP  GRO CO 001,201805,3,699
ACH,Debit,AGP  GRO CO 001,201806,5,1379
ACH,Debit,AGP  GRO CO 001,201807,3,434
ACH,Debit,AGP  GRO CO 001,201808,4,1688
ACH,Debit,AGP  GRO CO 001,201809,3,1634
ACH,Debit,AGP  GRO CO 001,201810,3,1425
ACH,Debit,AGP  GRO CO 001,201811,4,2153
ACH,Debit,AGP  GRO CO 001,201812,6,3101
ACH,Debit,AGP  GRO CO 001,201801,4,4594
ACH,Debit,AGP  GRO CO 001,201802,4,1044
ACH,Debit,AGP  GRO CO 001,201803,4,845
ACH,Debit,AGP  GRO CO 001,201804,5,1039
ACH,Debit,AGP  GRO CO 001,201805,3,693
ACH,Debit,AGP  GRO CO 001,201806,4,775
ACH,Debit,AGRO SA     000,201806,1,22
ACH,Debit,AGUILAR0W6M.000,201811,1,22
ACH,Debit,AGUILAR0W6M.000,201801,1,4703
ACH,Debit,AGUILAR0W6M.000,201803,1,71
ACH,Debit,AGUILAR0W6M.000,201804,1,1392
ACH,Debit,AGUILAR0W6M.000,201805,1,2588
ACH,Debit,AGUILAR0W6M.000,201806,1,8404
ACH,Debit,AGUILAR9A4C.000,201802,1,23
ACH,Debit,AGUIRRE0A8J.001,201801,1,2378
ACH,Debit,AGUIRRE0A8J.001,201808,1,700
ACH,Debit,AGUIRRE0A8J.001,201809,1,393
ACH,Debit,AGUIRRE0A8J.001,201810,1,1298
ACH,Debit,AGUIRRE0A8J.001,201811,1,1546
ACH,Debit,AGUIRRE0A8J.001,201806,1,390
ACH,Debit,ALIA LO TD S000,201805,1,22
ACH,Debit,ALL  FO WO L000,201804,1,101
ACH,Debit,ALL  FO WO L000,201804,1,105
ACH,Debit,ALL  IN TO C000,201801,10,8226
ACH,Debit,ALL  IN TO C000,201802,3,1595
ACH,Debit,ALL  IN TO C000,201803,10,6893
ACH,Debit,ALL  IN TO C000,201804,10,1579
ACH,Debit,ALL  IN TO C000,201805,23,8190
ACH,Debit,ALL  IN TO C000,201806,22,15478
ACH,Debit,ALL  IN TO C000,201807,21,13668
ACH,Debit,ALL  IN TO C000,201808,15,15227
ACH,Debit,ALL  IN TO C000,201809,27,15086
ACH,Debit,ALL  IN TO C000,201810,28,14370
ACH,Debit,ALL  IN TO C000,201811,26,20237
ACH,Debit,ALL  IN TO C000,201812,15,10775
ACH,Debit,ALL  IN TO C000,201801,14,4617
ACH,Debit,ALL  IN TO C000,201802,15,5043
ACH,Debit,ALL  IN TO C000,201803,9,5834
ACH,Debit,ALL  IN TO C000,201804,8,400
ACH,Debit,ALL  IN TO C000,201805,5,2907
ACH,Debit,ALL  IN TO C000,201806,6,5974
ACH,Debit,ALTI IN GR L000,201801,8,32911
ACH,Debit,ALTI IN GR L000,201802,6,31568
ACH,Debit,ALTI IN GR L000,201803,4,37219
ACH,Debit,ALTI IN GR L000,201804,7,31653
ACH,Debit,ALTI IN GR L000,201805,9,28771
ACH,Debit,ALTI IN GR L000,201806,3,4721
ACH,Debit,ALTI IN GR L000,201807,2,280
ACH,Debit,ALTI IN GR L000,201808,1,1500
ACH,Debit,ALTI IN GR L000,201809,2,3759
ACH,Debit,ALTI IN GR L000,201810,1,1100
ACH,Debit,ALTI IN GR L000,201811,1,2000
ACH,Debit,ALTI IN GR L000,201812,1,300
ACH,Debit,ALTI IN GR L000,201801,2,3200
ACH,Debit,ALTI IN GR L000,201802,1,2500
ACH,Debit,ALTI IN GR L000,201803,1,2000
ACH,Debit,ALTI IN GR L000,201804,1,1300
ACH,Debit,ALTI IN GR L000,201806,1,1700
ACH,Debit,ALVAREZ4J3C.000,201810,1,22
ACH,Debit,ALVAREZ4J3C.000,201812,1,10000
ACH,Debit,ALVAREZ4J3C.000,201802,1,10290
ACH,Debit,ALVAREZ4J3C.000,201804,1,2252
ACH,Debit,ALVAREZ4J3C.000,201806,1,1995
ACH,Debit,AMAZ AR A GD001,201802,1,39
ACH,Debit,AMAZ AR A GD001,201811,1,150
ACH,Debit,AMAZ AR A GD001,201801,1,30
ACH,Debit,ANCH FIN LL 000,201801,2,12098
ACH,Debit,ANCH FIN LL 000,201802,1,19645
ACH,Debit,ANCH FIN LL 000,201803,2,25572
ACH,Debit,ANCH FIN LL 000,201804,1,1200
ACH,Debit,ANCH FIN LL 000,201805,2,12355
ACH,Debit,ANCH FIN LL 000,201806,2,22787
ACH,Debit,ANCH FIN LL 000,201808,1,2108
ACH,Debit,ANCH FIN LL 000,201812,1,18173
ACH,Debit,ANDE TR CO I000,201806,1,207
ACH,Debit,ANDRADE0J4C.000,201812,1,22
ACH,Debit,ANDRADE0J4C.000,201801,4,1116
ACH,Debit,ANDRADE0J4C.000,201802,4,972
ACH,Debit,ANDRADE0J4C.000,201803,3,1235
ACH,Debit,ANDRADE0J4C.000,201805,2,82
ACH,Debit,ANDRADE0J4C.000,201806,1,47
ACH,Debit,ANDRADE0M4D.000,201804,1,23
ACH,Debit,ANDRADE4S7R.000,201807,1,22
CASH,Debit,2CAL TEL IN 000,201801,24,4200
CASH,Debit,2CAL TEL IN 000,201802,19,3472
CASH,Debit,2CAL TEL IN 000,201803,47,8944
CASH,Debit,2CAL TEL IN 000,201804,30,7545
CASH,Debit,2CAL TEL IN 000,201805,71,17797
CASH,Debit,2CAL TEL IN 000,201806,52,9757
CASH,Debit,2CAL TEL IN 000,201807,30,5366
CASH,Debit,2CAL TEL IN 000,201808,84,14368
CASH,Debit,2CAL TEL IN 000,201809,4,671
CASH,Debit,ABARCA.6A2M.000,201809,1,260
CASH,Debit,ABARCA.6A2M.000,201810,2,100
CASH,Debit,ABARCA.6A2M.000,201811,1,100
CASH,Debit,ADIU SOC AN 000,201810,1,28
CASH,Debit,ADIU SOC AN 000,201811,7,1907
CASH,Debit,ADIU SOC AN 000,201812,10,3001
CASH,Debit,ADIU SOC AN 000,201801,13,3445
CASH,Debit,ADIU SOC AN 000,201802,12,3186
CASH,Debit,ADIU SOC AN 000,201803,13,3704
CASH,Debit,ADIU SOC AN 000,201804,19,6246
CASH,Debit,ADIU SOC AN 000,201805,9,2960
CASH,Debit,ADIU SOC AN 000,201806,3,889
CASH,Debit,ALAYZA.8M4A.000,201801,1,105
CASH,Debit,ALAYZA.8M4A.000,201802,3,300
CASH,Debit,ALAYZA.8M4A.000,201806,5,500
CASH,Debit,ALAYZA.8M4A.000,201810,6,1058
CASH,Debit,ALAYZA.8M4A.000,201811,8,1580
CASH,Debit,ALAYZA.8M4A.000,201812,3,615
CASH,Debit,ALCANTA8J5A.000,201805,3,157
CASH,Debit,ALCANTA8J5A.000,201807,1,307
CASH,Debit,ALCANTA8J5A.000,201808,4,456
CASH,Debit,ALCANTA8J5A.000,201811,1,22
CASH,Debit,ALCANTA8J5A.000,201812,3,450
CASH,Debit,ALCANTA8J5A.000,201802,1,50
CASH,Debit,ALCANTA8J5A.000,201803,1,25
CASH,Debit,ALCANTA8J5A.000,201806,1,300
CASH,Debit,ALL  IN TO C000,201803,1,83
CASH,Debit,ALL  IN TO C000,201804,1,343
CASH,Debit,AMADOR.3E6X.000,201801,2,403
CASH,Debit,ANDRADE5S5B.001,201808,1,300
CHECK,Debit,3101 66 SO A000,201802,4,330137
CHECK,Debit,3101 66 SO A000,201803,1,100000
CHECK,Debit,3101 66 SO A000,201804,2,350000
CHECK,Debit,3101 66 SO A000,201805,6,487987
CHECK,Debit,3101 66 SO A000,201806,7,767471
CHECK,Debit,AAAS CO S  A000,201801,1,3662
CHECK,Debit,AAAS CO S  A000,201806,4,22298
CHECK,Debit,ABARCA.6A2M.000,201808,4,1737
CHECK,Debit,ABARCA.6A2M.000,201809,2,148
CHECK,Debit,ABARCA.6A2M.000,201810,1,100
CHECK,Debit,ACT  AS C DT000,201801,1,8513
CHECK,Debit,ACT  AS C DT000,201803,2,11930
CHECK,Debit,ACT  AS C DT000,201808,2,30700
CHECK,Debit,ACT  AS C DT000,201809,1,20000
CHECK,Debit,ACT  AS C DT000,201801,2,9904
CHECK,Debit,ACUNA..0M4A.000,201801,2,3850
CHECK,Debit,AGEN PO D PS001,201809,2,3157
CHECK,Debit,AGEN PO D PS001,201810,6,7212
CHECK,Debit,AGEN PO D PS001,201812,5,13205
CHECK,Debit,AGEN PO D PS001,201801,2,1617
CHECK,Debit,AGEN PO D PS001,201802,1,185
CHECK,Debit,AGEN PO D PS001,201806,2,124
CHECK,Debit,AGM  TEC IN 000,201802,1,1253
CHECK,Debit,AGM  TEC IN 000,201805,1,565
CHECK,Debit,AGM  TEC IN 000,201806,1,565
CHECK,Debit,AGM  TEC IN 000,201809,1,375
CHECK,Debit,AGM  TEC IN 000,201810,1,525
CHECK,Debit,AGM  TEC IN 000,201811,5,5080
CHECK,Debit,AGM  TEC IN 000,201812,8,8674
CHECK,Debit,AGM  TEC IN 000,201801,3,3611
CHECK,Debit,AGM  TEC IN 000,201802,1,187
CHECK,Debit,AGM  TEC IN 000,201803,4,6108
CHECK,Debit,AGM  TEC IN 000,201804,3,3594
CHECK,Debit,AGM  TEC IN 000,201805,1,2200
CHECK,Debit,AGM  TEC IN 000,201806,2,1130
CHECK,Debit,AGP  GRO CO 001,201804,4,170300
CHECK,Debit,AGP  GRO CO 001,201805,1,47
CHECK,Debit,AGP  GRO CO 001,201806,5,28960
CHECK,Debit,AGP  GRO CO 001,201807,2,608
CHECK,Debit,AGP  GRO CO 001,201808,2,168
CHECK,Debit,AGP  GRO CO 001,201809,2,112
CHECK,Debit,AGP  GRO CO 001,201810,2,22688
CHECK,Debit,AGP  GRO CO 001,201801,2,49
CHECK,Debit,AGRI S   A  000,201803,1,36092
CHECK,Debit,AGRI S   A  000,201806,1,30000
CHECK,Debit,AGUILAR0W6M.000,201810,1,50000
CHECK,Debit,AGUILAR0W6M.000,201802,1,1000
CHECK,Debit,AGUILAR0W6M.000,201804,1,340
CHECK,Debit,AGUILAR0W6M.000,201805,1,1000
CHECK,Debit,AGUIRRE0A8J.001,201803,1,4000
CHECK,Debit,AGUIRRE0A8J.001,201809,1,14857
CHECK,Debit,ALDE LLC    000,201804,1,18145
CHECK,Debit,ALIA CORP   000,201808,2,1638
CHECK,Debit,ALIA CORP   000,201801,1,3165
CHECK,Debit,ALIA CORP   000,201804,1,1033
CHECK,Debit,ALL  FO WO L000,201801,24,140344
CHECK,Debit,ALL  FO WO L000,201802,21,148673
CHECK,Debit,ALL  FO WO L000,201803,22,134428
CHECK,Debit,ALL  FO WO L000,201804,24,182862
CHECK,Debit,ALL  FO WO L000,201805,25,222309
CHECK,Debit,ALL  FO WO L000,201806,27,212444
CHECK,Debit,ALL  FO WO L000,201807,20,152443
CHECK,Debit,ALL  FO WO L000,201808,21,171114
CHECK,Debit,ALL  FO WO L000,201809,23,198469
CHECK,Debit,ALL  FO WO L000,201810,18,153033
CHECK,Debit,ALL  FO WO L000,201811,23,179357
CHECK,Debit,ALL  FO WO L000,201812,36,335896
CHECK,Debit,ALL  FO WO L000,201801,15,118958
CHECK,Debit,ALL  FO WO L000,201802,12,98289
CHECK,Debit,ALL  FO WO L000,201803,14,129181
CHECK,Debit,ALL  FO WO L000,201804,22,193045
CHECK,Debit,ALL  FO WO L000,201805,26,242975
CHECK,Debit,ALL  FO WO L000,201806,16,142133
CHECK,Debit,ALL  IN TO C000,201803,1,1500
CHECK,Debit,ALL  IN TO C000,201804,5,3850
CHECK,Debit,ALL  IN TO C000,201805,2,8975
CHECK,Debit,ALL  IN TO C000,201806,3,1365
CHECK,Debit,ALL  IN TO C000,201807,4,5371
CHECK,Debit,ALL  IN TO C000,201808,5,2138
CHECK,Debit,ALL  IN TO C000,201811,2,1252
CHECK,Debit,ALL  IN TO C000,201801,4,2469
CHECK,Debit,ALL  IN TO C000,201802,3,1078
CHECK,Debit,ALL  IN TO C000,201803,2,1591
CHECK,Debit,ALL  IN TO C000,201804,3,1034
CHECK,Debit,ALL  IN TO C000,201805,1,600
CHECK,Debit,ALL  IN TO C000,201806,1,700
CHECK,Debit,ALTI IN GR L000,201801,50,246703
CHECK,Debit,ALTI IN GR L000,201802,50,239464
CHECK,Debit,ALTI IN GR L000,201803,56,245343
CHECK,Debit,ALTI IN GR L000,201804,52,252264
CHECK,Debit,ALTI IN GR L000,201805,65,368439
CHECK,Debit,ALTI IN GR L000,201806,44,394284
CHECK,Debit,ALTI IN GR L000,201807,1,1775
CHECK,Debit,ALTI IN GR L000,201808,2,12377
CHECK,Debit,ALTI IN GR L000,201809,2,12379
CHECK,Debit,ALTI IN GR L000,201810,1,52390
CHECK,Debit,ALTI IN GR L000,201811,1,64664
CHECK,Debit,ALTI IN GR L000,201805,1,33939
CHECK,Debit,AMAZ AR A GD001,201801,3,910
CHECK,Debit,AMAZ AR A GD001,201803,1,10
CHECK,Debit,AMAZ AR A GD001,201804,1,2400
CHECK,Debit,AMAZ AR A GD001,201806,1,2250
CHECK,Debit,AMAZ AR A GD001,201807,1,1200
CHECK,Debit,AMAZ AR A GD001,201808,3,3373
CHECK,Debit,AMAZ AR A GD001,201810,1,800
CHECK,Debit,AMAZ AR A GD001,201812,3,2700
CHECK,Debit,AMAZ AR A GD001,201801,3,3010
CHECK,Debit,AMAZ AR A GD001,201802,2,1275
CHECK,Debit,AMAZ AR A GD001,201803,2,4500
CHECK,Debit,AMAZ AR A GD001,201805,1,893
CHECK,Debit,AMAZ AR A GD001,201806,1,107
CHECK,Debit,ANCH FIN LL 000,201801,3,2200
CHECK,Debit,ANCH FIN LL 000,201803,1,10000
CHECK,Debit,ANCH FIN LL 000,201804,1,5000
CHECK,Debit,ANCH FIN LL 000,201805,3,1650
CHECK,Debit,ANCH FIN LL 000,201806,2,1030
CHECK,Debit,ANCH FIN LL 000,201807,1,11433
CHECK,Debit,ANDE TR CO I000,201801,5,23200
CHECK,Debit,ANDE TR CO I000,201802,5,17800
CHECK,Debit,ANDE TR CO I000,201803,3,23800
CHECK,Debit,ANDE TR CO I000,201804,4,10300
CHECK,Debit,ANDE TR CO I000,201805,4,74600
CHECK,Debit,ANDE TR CO I000,201806,3,27700
CHECK,Debit,ANDE TR CO I000,201807,5,54700
CHECK,Debit,ANDE TR CO I000,201808,5,10500
CHECK,Debit,ANDE TR CO I000,201809,3,11500
CHECK,Debit,ANDE TR CO I000,201810,1,58800
CHECK,Debit,ANDE TR CO I000,201811,1,20500
CHECK,Debit,ANDE TR CO I000,201812,5,53650
CHECK,Debit,ANDE TR CO I000,201801,3,28700
CHECK,Debit,ANDE TR CO I000,201802,3,28700
CHECK,Debit,ANDE TR CO I000,201803,4,132700
CHECK,Debit,ANDE TR CO I000,201804,2,24800
CHECK,Debit,ANDE TR CO I000,201805,4,87000
CHECK,Debit,ANDE TR CO I000,201806,3,25600
CHECK,Debit,ANDRADE0J4C.000,201812,3,8268
CHECK,Debit,ANDRADE0J4C.000,201801,3,603
WIRE TRANSFER,Credit,2CAL TEL IN 000,201801,1,841
WIRE TRANSFER,Credit,2CAL TEL IN 000,201803,6,81449
WIRE TRANSFER,Credit,2CAL TEL IN 000,201804,3,69293
WIRE TRANSFER,Credit,2CAL TEL IN 000,201805,3,50403
WIRE TRANSFER,Credit,2CAL TEL IN 000,201806,4,114024
WIRE TRANSFER,Credit,2CAL TEL IN 000,201807,8,89394
WIRE TRANSFER,Credit,2CAL TEL IN 000,201808,2,14079
WIRE TRANSFER,Credit,3101 66 SO A000,201804,1,100000
WIRE TRANSFER,Credit,3101 66 SO A000,201805,1,497500
WIRE TRANSFER,Credit,AAAS CO S  A000,201801,25,136881
WIRE TRANSFER,Credit,AAAS CO S  A000,201802,24,203535
WIRE TRANSFER,Credit,AAAS CO S  A000,201803,27,440040
WIRE TRANSFER,Credit,AAAS CO S  A000,201804,24,236346
WIRE TRANSFER,Credit,AAAS CO S  A000,201805,25,103621
WIRE TRANSFER,Credit,AAAS CO S  A000,201806,28,140254
WIRE TRANSFER,Credit,AAAS CO S  A000,201807,23,79504
WIRE TRANSFER,Credit,AAAS CO S  A000,201808,27,68513
WIRE TRANSFER,Credit,AAAS CO S  A000,201809,25,161674
WIRE TRANSFER,Credit,AAAS CO S  A000,201810,24,234555
WIRE TRANSFER,Credit,AAAS CO S  A000,201811,25,85024
WIRE TRANSFER,Credit,AAAS CO S  A000,201812,24,111432
WIRE TRANSFER,Credit,AAAS CO S  A000,201801,31,207754
WIRE TRANSFER,Credit,AAAS CO S  A000,201802,27,188148
WIRE TRANSFER,Credit,AAAS CO S  A000,201803,36,133727
WIRE TRANSFER,Credit,AAAS CO S  A000,201804,28,184069
WIRE TRANSFER,Credit,AAAS CO S  A000,201805,32,106141
WIRE TRANSFER,Credit,AAAS CO S  A000,201806,28,172752
WIRE TRANSFER,Credit,ABARCA.6A2M.000,201806,1,18978
WIRE TRANSFER,Credit,ABBOUD.3V5J.000,201801,1,20000
WIRE TRANSFER,Credit,ABBOUD.3V5J.000,201804,1,18000
WIRE TRANSFER,Credit,ABBOUD.3V5J.000,201806,1,24000
WIRE TRANSFER,Credit,ABBOUD.3V5J.000,201807,1,30000
WIRE TRANSFER,Credit,ABBOUD.3V5J.000,201809,1,30000
WIRE TRANSFER,Credit,ABBOUD.3V5J.000,201810,1,20000
WIRE TRANSFER,Credit,ABBOUD.3V5J.000,201811,1,20000
WIRE TRANSFER,Credit,ABBOUD.3V5J.000,201801,1,20000
WIRE TRANSFER,Credit,ABBOUD.3V5J.000,201802,1,15000
WIRE TRANSFER,Credit,ACHE SA     000,201811,1,10000
WIRE TRANSFER,Credit,ACHE SA     000,201812,5,6692
WIRE TRANSFER,Credit,ACHE SA     000,201801,7,9590
WIRE TRANSFER,Credit,ACHE SA     000,201802,6,14263
WIRE TRANSFER,Credit,ACHE SA     000,201803,7,25578
WIRE TRANSFER,Credit,ACHE SA     000,201804,7,9141
WIRE TRANSFER,Credit,ACHE SA     000,201805,8,13046
WIRE TRANSFER,Credit,ACHE SA     000,201806,7,20141
WIRE TRANSFER,Credit,ACT  AS C DT000,201803,5,14884
WIRE TRANSFER,Credit,ACT  AS C DT000,201804,3,6737
WIRE TRANSFER,Credit,ACT  AS C DT000,201805,4,11325
WIRE TRANSFER,Credit,ACT  AS C DT000,201806,2,3456
WIRE TRANSFER,Credit,ACT  AS C DT000,201807,4,30506
WIRE TRANSFER,Credit,ACT  AS C DT000,201808,5,23560
WIRE TRANSFER,Credit,ACT  AS C DT000,201810,3,11491
WIRE TRANSFER,Credit,ACT  AS C DT000,201812,1,3569
WIRE TRANSFER,Credit,ACT  AS C DT000,201801,2,2879
WIRE TRANSFER,Credit,ACT  AS C DT000,201803,3,10096
WIRE TRANSFER,Credit,ACT  AS C DT000,201804,2,7133
WIRE TRANSFER,Credit,ACT  AS C DT000,201805,1,2193
WIRE TRANSFER,Credit,ACT  AS C DT000,201806,5,19186
WIRE TRANSFER,Credit,ACUNA..0M4A.000,201809,1,10000
WIRE TRANSFER,Credit,ADIU SOC AN 000,201809,3,1800
WIRE TRANSFER,Credit,ADIU SOC AN 000,201810,2,12400
WIRE TRANSFER,Credit,ADIU SOC AN 000,201811,4,43600
WIRE TRANSFER,Credit,ADIU SOC AN 000,201812,2,20154
WIRE TRANSFER,Credit,ADIU SOC AN 000,201804,3,6523
WIRE TRANSFER,Credit,ADIU SOC AN 000,201805,1,1042
WIRE TRANSFER,Credit,ADIU SOC AN 000,201806,2,5461
WIRE TRANSFER,Credit,ADQU DE D YC001,201804,1,10000
WIRE TRANSFER,Credit,ADQU DE D YC001,201809,1,50000
WIRE TRANSFER,Credit,ADQU DE D YC001,201802,1,3972
WIRE TRANSFER,Credit,ADQU DE D YC001,201804,1,9840
WIRE TRANSFER,Credit,ADQU DE D YC001,201805,1,10000
WIRE TRANSFER,Credit,AERO GE C AA000,201804,1,6000
WIRE TRANSFER,Credit,AERO GE C AA000,201805,1,399970
WIRE TRANSFER,Credit,AERO GE C AA000,201808,1,6000
WIRE TRANSFER,Credit,AERO GE C AA000,201801,1,84658
WIRE TRANSFER,Credit,AERO GE C AA000,201804,3,59329
WIRE TRANSFER,Credit,AERO GE C AA000,201806,1,6926
WIRE TRANSFER,Credit,AGEN PO D PS001,201805,2,5767
WIRE TRANSFER,Credit,AGEN PO D PS001,201806,2,3709
WIRE TRANSFER,Credit,AGEN PO D PS001,201807,2,32396
WIRE TRANSFER,Credit,AGEN PO D PS001,201809,3,26924
WIRE TRANSFER,Credit,AGEN PO D PS001,201810,3,2080
WIRE TRANSFER,Credit,AGEN PO D PS001,201811,3,1007
WIRE TRANSFER,Credit,AGEN PO D PS001,201812,1,327
WIRE TRANSFER,Credit,AGEN PO D PS001,201801,1,559
WIRE TRANSFER,Credit,AGEN PO D PS001,201802,3,12965
WIRE TRANSFER,Credit,AGEN PO D PS001,201803,3,10280
WIRE TRANSFER,Credit,AGEN PO D PS001,201804,3,6916
WIRE TRANSFER,Credit,AGEN PO D PS001,201805,3,2696
WIRE TRANSFER,Credit,AGEN PO D PS001,201806,6,14387
WIRE TRANSFER,Credit,AGM  TEC IN 000,201801,1,2400
WIRE TRANSFER,Credit,AGM  TEC IN 000,201802,1,4710
WIRE TRANSFER,Credit,AGM  TEC IN 000,201804,1,10000
WIRE TRANSFER,Credit,AGM  TEC IN 000,201809,1,4000
WIRE TRANSFER,Credit,AGM  TEC IN 000,201810,1,7500
WIRE TRANSFER,Credit,AGM  TEC IN 000,201811,1,4300
WIRE TRANSFER,Credit,AGM  TEC IN 000,201803,1,10000
WIRE TRANSFER,Credit,AGM  TEC IN 000,201806,1,10000
WIRE TRANSFER,Credit,AGP  GRO CO 001,201803,2,40695
WIRE TRANSFER,Credit,AGP  GRO CO 001,201804,3,288834
WIRE TRANSFER,Credit,AGP  GRO CO 001,201805,1,20250
WIRE TRANSFER,Credit,AGP  GRO CO 001,201806,2,31680
WIRE TRANSFER,Credit,AGP  GRO CO 001,201807,1,18606
WIRE TRANSFER,Credit,AGP  GRO CO 001,201808,1,2247
WIRE TRANSFER,Credit,AGP  GRO CO 001,201810,2,47988
WIRE TRANSFER,Credit,AGP  GRO CO 001,201811,2,42304
WIRE TRANSFER,Credit,AGP  GRO CO 001,201801,1,1034
WIRE TRANSFER,Credit,AGRI CO S  A000,201807,1,29922
WIRE TRANSFER,Credit,AGRI CO S  A000,201808,7,187640
WIRE TRANSFER,Credit,AGRI CO S  A000,201809,3,127767
WIRE TRANSFER,Credit,AGRI CO S  A000,201810,3,178759
WIRE TRANSFER,Credit,AGRI CO S  A000,201811,5,386573
WIRE TRANSFER,Credit,AGRI CO S  A000,201812,3,186754
WIRE TRANSFER,Credit,AGRI CO S  A000,201801,5,192941
WIRE TRANSFER,Credit,AGRI CO S  A000,201802,4,195682
WIRE TRANSFER,Credit,AGRI CO S  A000,201803,3,80115
WIRE TRANSFER,Credit,AGRI CO S  A000,201804,5,220953
WIRE TRANSFER,Credit,AGRI CO S  A000,201805,3,204756
WIRE TRANSFER,Credit,AGRI CO S  A000,201806,5,192120
WIRE TRANSFER,Credit,AGRI S   A  000,201801,3,10059
WIRE TRANSFER,Credit,AGRI S   A  000,201802,2,15944
WIRE TRANSFER,Credit,AGRI S   A  000,201803,3,115620
WIRE TRANSFER,Credit,AGRI S   A  000,201804,7,36071
WIRE TRANSFER,Credit,AGRI S   A  000,201805,3,20554
WIRE TRANSFER,Credit,AGRI S   A  000,201806,5,184309
WIRE TRANSFER,Credit,AGRI S   A  000,201807,5,41948
WIRE TRANSFER,Credit,AGRI S   A  000,201808,8,33985
WIRE TRANSFER,Credit,AGRI S   A  000,201809,6,35870
WIRE TRANSFER,Credit,AGRI S   A  000,201810,6,44801
WIRE TRANSFER,Credit,AGRI S   A  000,201811,5,34112
WIRE TRANSFER,Credit,AGRI S   A  000,201812,7,34533
WIRE TRANSFER,Credit,AGRI S   A  000,201801,5,32726
WIRE TRANSFER,Credit,AGRI S   A  000,201802,4,27604
WIRE TRANSFER,Credit,AGRI S   A  000,201803,6,140244
WIRE TRANSFER,Credit,AGRI S   A  000,201804,7,62993
WIRE TRANSFER,Credit,AGRI S   A  000,201805,6,49598
WIRE TRANSFER,Credit,AGRI S   A  000,201806,6,128616
WIRE TRANSFER,Credit,AGRI S   A  001,201801,9,8787
WIRE TRANSFER,Credit,AGRI S   A  001,201802,9,17498
WIRE TRANSFER,Credit,AGRI S   A  001,201803,9,9828
WIRE TRANSFER,Credit,AGRI S   A  001,201804,7,7581
WIRE TRANSFER,Credit,AGRI S   A  001,201805,9,12844
WIRE TRANSFER,Credit,AGRI S   A  001,201806,11,17056
WIRE TRANSFER,Credit,AGRI S   A  001,201807,11,15222
WIRE TRANSFER,Credit,AGRI S   A  001,201808,11,11576
WIRE TRANSFER,Credit,AGRI S   A  001,201809,11,14561
WIRE TRANSFER,Credit,AGRI S   A  001,201810,10,11021
WIRE TRANSFER,Credit,AGRI S   A  001,201811,11,10466
WIRE TRANSFER,Credit,AGRI S   A  001,201812,3,2854
WIRE TRANSFER,Credit,AGRI S   A  001,201801,3,2108
WIRE TRANSFER,Credit,AGRI S   A  001,201802,4,8268
WIRE TRANSFER,Credit,AGRI S   A  001,201803,2,1611
WIRE TRANSFER,Credit,AGRI S   A  001,201804,4,5628
WIRE TRANSFER,Credit,AGRI S   A  001,201805,4,17712
WIRE TRANSFER,Credit,AGRI S   A  001,201806,5,52489
WIRE TRANSFER,Credit,AGRO SA     000,201805,1,29895
WIRE TRANSFER,Credit,AGRO SA     000,201806,1,1400
WIRE TRANSFER,Credit,AGRO SA     000,201807,1,36500
WIRE TRANSFER,Credit,AGRO SA     000,201808,2,73325
WIRE TRANSFER,Credit,AGRO SA     000,201810,3,82886
WIRE TRANSFER,Credit,AGRO SA     000,201811,1,34206
WIRE TRANSFER,Credit,AGRO SA     000,201812,1,38702
WIRE TRANSFER,Credit,AGRO SA     000,201801,3,74075
WIRE TRANSFER,Credit,AGRO SA     000,201802,1,37408
WIRE TRANSFER,Credit,AGRO SA     000,201803,2,56895
WIRE TRANSFER,Credit,AGRO SA     000,201804,2,66419
WIRE TRANSFER,Credit,AGRO SA     000,201805,5,156258
WIRE TRANSFER,Credit,AGRO SA     000,201806,2,105342
WIRE TRANSFER,Credit,AGUILAR0W6M.000,201812,1,97980
WIRE TRANSFER,Credit,AGUILAR0W6M.000,201802,1,199990
WIRE TRANSFER,Credit,AGUILAR9A4C.000,201802,3,7185
WIRE TRANSFER,Credit,AGUIRRE0A8J.001,201809,1,4281
WIRE TRANSFER,Credit,AGUIRRE8R6U.000,201806,1,39955
WIRE TRANSFER,Credit,AJI  PAN SA 000,201805,6,199135
WIRE TRANSFER,Credit,AJI  PAN SA 000,201806,6,215371
WIRE TRANSFER,Credit,AJI  PAN SA 000,201807,4,205352
WIRE TRANSFER,Credit,AJI  PAN SA 000,201808,3,86647
WIRE TRANSFER,Credit,AJI  PAN SA 000,201809,6,362451
WIRE TRANSFER,Credit,AJI  PAN SA 000,201810,3,247358
WIRE TRANSFER,Credit,AJI  PAN SA 000,201811,6,179705
WIRE TRANSFER,Credit,AJI  PAN SA 000,201812,6,227950
WIRE TRANSFER,Credit,AJI  PAN SA 000,201801,4,233702
WIRE TRANSFER,Credit,AJI  PAN SA 000,201802,4,288043
WIRE TRANSFER,Credit,AJI  PAN SA 000,201803,3,402812
WIRE TRANSFER,Credit,AJI  PAN SA 000,201804,3,117306
WIRE TRANSFER,Credit,AJI  PAN SA 000,201805,2,127884
WIRE TRANSFER,Credit,AJI  PAN SA 000,201806,4,176289
WIRE TRANSFER,Credit,ALAYZA.8M4A.000,201808,1,4000
WIRE TRANSFER,Credit,ALCANTA8J5A.000,201806,1,4100
WIRE TRANSFER,Credit,ALCANTA8J5A.000,201807,3,6048
WIRE TRANSFER,Credit,ALCANTA8J5A.000,201808,1,4100
WIRE TRANSFER,Credit,ALCANTA8J5A.000,201809,2,5718
WIRE TRANSFER,Credit,ALCANTA8J5A.000,201810,1,4100
WIRE TRANSFER,Credit,ALCANTA8J5A.000,201811,2,6378
WIRE TRANSFER,Credit,ALCANTA8J5A.000,201812,2,5237
WIRE TRANSFER,Credit,ALCANTA8J5A.000,201801,1,4100
WIRE TRANSFER,Credit,ALCANTA8J5A.000,201802,1,4100
WIRE TRANSFER,Credit,ALCANTA8J5A.000,201803,1,4100
WIRE TRANSFER,Credit,ALCANTA8J5A.000,201804,1,4100
WIRE TRANSFER,Credit,ALCANTA8J5A.000,201805,2,6000
WIRE TRANSFER,Credit,ALCANTA8J5A.000,201806,1,4100
WIRE TRANSFER,Credit,ALDE LLC    000,201803,1,239694
WIRE TRANSFER,Credit,ALDE LLC    000,201812,1,194068
WIRE TRANSFER,Credit,ALDE LLC    000,201803,1,215000
WIRE TRANSFER,Credit,ALESSI.0F5O.000,201806,2,18000
WIRE TRANSFER,Credit,ALIA CORP   000,201801,18,106839
WIRE TRANSFER,Credit,ALIA CORP   000,201802,20,127882
WIRE TRANSFER,Credit,ALIA CORP   000,201803,24,180177
WIRE TRANSFER,Credit,ALIA CORP   000,201804,17,73104
WIRE TRANSFER,Credit,ALIA CORP   000,201805,20,144920
WIRE TRANSFER,Credit,ALIA CORP   000,201806,24,169201
WIRE TRANSFER,Credit,ALIA CORP   000,201807,21,106712
WIRE TRANSFER,Credit,ALIA CORP   000,201808,24,103207
WIRE TRANSFER,Credit,ALIA CORP   000,201809,26,100156
WIRE TRANSFER,Credit,ALIA CORP   000,201810,20,101505
WIRE TRANSFER,Credit,ALIA CORP   000,201811,25,109096
WIRE TRANSFER,Credit,ALIA CORP   000,201812,23,109843
WIRE TRANSFER,Credit,ALIA CORP   000,201801,28,132983
WIRE TRANSFER,Credit,ALIA CORP   000,201802,19,87517
WIRE TRANSFER,Credit,ALIA CORP   000,201803,31,209116
WIRE TRANSFER,Credit,ALIA CORP   000,201804,21,91902
WIRE TRANSFER,Credit,ALIA CORP   000,201805,24,122833
WIRE TRANSFER,Credit,ALIA CORP   000,201806,20,148788
WIRE TRANSFER,Credit,ALIA LO TD S000,201806,1,3411
WIRE TRANSFER,Credit,ALIA LO TD S000,201809,3,2525
WIRE TRANSFER,Credit,ALIA LO TD S000,201810,2,878
WIRE TRANSFER,Credit,ALIA LO TD S000,201811,1,6325
WIRE TRANSFER,Credit,ALIA LO TD S000,201812,1,1550
WIRE TRANSFER,Credit,ALIA LO TD S000,201801,9,54889
WIRE TRANSFER,Credit,ALIA LO TD S000,201802,10,98559
WIRE TRANSFER,Credit,ALIA LO TD S000,201803,9,63514
WIRE TRANSFER,Credit,ALIA LO TD S000,201804,9,42911
WIRE TRANSFER,Credit,ALIA LO TD S000,201805,15,352198
WIRE TRANSFER,Credit,ALIA LO TD S000,201806,18,337020
WIRE TRANSFER,Credit,ALIM IN DE N000,201801,13,308348
WIRE TRANSFER,Credit,ALIM IN DE N000,201802,12,300491
WIRE TRANSFER,Credit,ALIM IN DE N000,201803,16,341417
WIRE TRANSFER,Credit,ALIM IN DE N000,201804,14,433131
WIRE TRANSFER,Credit,ALIM IN DE N000,201805,14,356028
WIRE TRANSFER,Credit,ALIM IN DE N000,201806,15,405849
WIRE TRANSFER,Credit,ALIM IN DE N000,201807,23,490879
WIRE TRANSFER,Credit,ALIM IN DE N000,201808,23,600474
WIRE TRANSFER,Credit,ALIM IN DE N000,201809,22,489806
WIRE TRANSFER,Credit,ALIM IN DE N000,201810,16,427621
WIRE TRANSFER,Credit,ALIM IN DE N000,201811,19,434905
WIRE TRANSFER,Credit,ALIM IN DE N000,201812,17,429488
WIRE TRANSFER,Credit,ALIM IN DE N000,201801,17,486496
WIRE TRANSFER,Credit,ALIM IN DE N000,201802,20,503383
WIRE TRANSFER,Credit,ALIM IN DE N000,201803,25,652409
WIRE TRANSFER,Credit,ALIM IN DE N000,201804,17,464369
WIRE TRANSFER,Credit,ALIM IN DE N000,201805,15,373600
WIRE TRANSFER,Credit,ALIM IN DE N000,201806,22,434882
WIRE TRANSFER,Credit,ALL  FO WO L000,201801,12,118643
WIRE TRANSFER,Credit,ALL  FO WO L000,201802,11,103749
WIRE TRANSFER,Credit,ALL  FO WO L000,201803,10,104422
WIRE TRANSFER,Credit,ALL  FO WO L000,201804,13,123092
WIRE TRANSFER,Credit,ALL  FO WO L000,201805,11,106846
WIRE TRANSFER,Credit,ALL  FO WO L000,201806,13,123923
WIRE TRANSFER,Credit,ALL  FO WO L000,201807,13,136630
WIRE TRANSFER,Credit,ALL  FO WO L000,201808,11,114210
WIRE TRANSFER,Credit,ALL  FO WO L000,201809,15,118965
WIRE TRANSFER,Credit,ALL  FO WO L000,201810,14,135879
WIRE TRANSFER,Credit,ALL  FO WO L000,201811,13,93792
WIRE TRANSFER,Credit,ALL  FO WO L000,201812,19,197354
WIRE TRANSFER,Credit,ALL  FO WO L000,201801,12,112125
WIRE TRANSFER,Credit,ALL  FO WO L000,201802,17,110699
WIRE TRANSFER,Credit,ALL  FO WO L000,201803,16,99958
WIRE TRANSFER,Credit,ALL  FO WO L000,201804,12,103172
WIRE TRANSFER,Credit,ALL  FO WO L000,201805,12,106702
WIRE TRANSFER,Credit,ALL  FO WO L000,201806,15,138932
WIRE TRANSFER,Credit,ALL  IN TO C000,201805,3,7761
WIRE TRANSFER,Credit,ALL  IN TO C000,201807,2,12374
WIRE TRANSFER,Credit,ALL  IN TO C000,201808,1,690
WIRE TRANSFER,Credit,ALL  IN TO C000,201809,4,27395
WIRE TRANSFER,Credit,ALL  IN TO C000,201810,2,1796
WIRE TRANSFER,Credit,ALL  IN TO C000,201811,3,5079
WIRE TRANSFER,Credit,ALL  IN TO C000,201812,1,16612
WIRE TRANSFER,Credit,ALL  IN TO C000,201801,1,934
WIRE TRANSFER,Credit,ALL  IN TO C000,201802,1,3122
WIRE TRANSFER,Credit,ALL  IN TO C000,201803,1,4675
WIRE TRANSFER,Credit,ALL  IN TO C000,201804,1,2473
WIRE TRANSFER,Credit,ALL  IN TO C000,201806,3,18420
WIRE TRANSFER,Credit,ALLT COR LL 000,201802,1,13127
WIRE TRANSFER,Credit,ALLT COR LL 000,201803,1,1546
WIRE TRANSFER,Credit,ALLT COR LL 000,201804,2,3112
WIRE TRANSFER,Credit,ALMO S   A  000,201803,1,1529
WIRE TRANSFER,Credit,ALTI IN GR L000,201801,8,272783
WIRE TRANSFER,Credit,ALTI IN GR L000,201802,11,319652
WIRE TRANSFER,Credit,ALTI IN GR L000,201803,7,342126
WIRE TRANSFER,Credit,ALTI IN GR L000,201804,8,240814
WIRE TRANSFER,Credit,ALTI IN GR L000,201805,7,555401
WIRE TRANSFER,Credit,ALTI IN GR L000,201806,6,245330
WIRE TRANSFER,Credit,ALTI IN GR L000,201807,1,215
WIRE TRANSFER,Credit,ALTI IN GR L000,201808,1,12162
WIRE TRANSFER,Credit,ALTI IN GR L000,201809,4,71184
WIRE TRANSFER,Credit,ALTI IN GR L000,201811,1,64679
WIRE TRANSFER,Credit,ALTI IN GR L000,201801,2,11583
WIRE TRANSFER,Credit,ALTI IN GR L000,201802,1,2408
WIRE TRANSFER,Credit,ALTI IN GR L000,201805,2,35194
WIRE TRANSFER,Credit,ALVAREZ6D3I.001,201805,1,517931
WIRE TRANSFER,Credit,AMADOR.3E6X.000,201802,1,972
WIRE TRANSFER,Credit,AMAR PRO IN 000,201811,1,20000
WIRE TRANSFER,Credit,AMAR PRO IN 000,201806,1,15000
WIRE TRANSFER,Credit,AMAZ AR A GD001,201807,1,576
WIRE TRANSFER,Credit,AMAZ AR A GD001,201811,1,300
WIRE TRANSFER,Credit,AMAZ AR A GD001,201812,1,4000
WIRE TRANSFER,Credit,AMAZ AR A GD001,201804,1,920
WIRE TRANSFER,Credit,AMAZ AR A GD001,201806,2,15000
WIRE TRANSFER,Credit,AMEZAGA0J5..000,201807,2,1000000
WIRE TRANSFER,Credit,ANCH FIN LL 000,201801,2,304591
WIRE TRANSFER,Credit,ANCH FIN LL 000,201802,2,413873
WIRE TRANSFER,Credit,ANCH FIN LL 000,201803,8,1156578
WIRE TRANSFER,Credit,ANCH FIN LL 000,201804,3,649500
WIRE TRANSFER,Credit,ANCH FIN LL 000,201805,3,542118
WIRE TRANSFER,Credit,ANCH FIN LL 000,201806,9,1476810
WIRE TRANSFER,Credit,ANCH FIN LL 000,201807,4,852844
WIRE TRANSFER,Credit,ANCH FIN LL 000,201808,5,1109531
WIRE TRANSFER,Credit,ANCH FIN LL 000,201809,4,895462
WIRE TRANSFER,Credit,ANCH FIN LL 000,201810,6,956641
WIRE TRANSFER,Credit,ANCH FIN LL 000,201811,6,1361010
WIRE TRANSFER,Credit,ANCH FIN LL 000,201812,5,1075436
WIRE TRANSFER,Credit,ANCH FIN LL 000,201801,2,349670
WIRE TRANSFER,Credit,ANCH FIN LL 000,201802,4,1181660
WIRE TRANSFER,Credit,ANCH FIN LL 000,201803,5,1065016
WIRE TRANSFER,Credit,ANCH FIN LL 000,201804,5,677126
WIRE TRANSFER,Credit,ANCH FIN LL 000,201805,4,921157
WIRE TRANSFER,Credit,ANCH FIN LL 000,201806,4,906749
WIRE TRANSFER,Credit,ANDE EXP CO 000,201801,3,5993
WIRE TRANSFER,Credit,ANDE EXP CO 000,201802,2,1406
WIRE TRANSFER,Credit,ANDE EXP CO 000,201803,2,6263
WIRE TRANSFER,Credit,ANDE EXP CO 000,201804,2,6701
WIRE TRANSFER,Credit,ANDE EXP CO 000,201805,2,4550
WIRE TRANSFER,Credit,ANDE EXP CO 000,201806,3,4530
WIRE TRANSFER,Credit,ANDE EXP CO 000,201807,3,4411
WIRE TRANSFER,Credit,ANDE EXP CO 000,201808,3,5843
WIRE TRANSFER,Credit,ANDE EXP CO 000,201809,5,9958
WIRE TRANSFER,Credit,ANDE EXP CO 000,201810,2,5716
WIRE TRANSFER,Credit,ANDE EXP CO 000,201811,4,5306
WIRE TRANSFER,Credit,ANDE EXP CO 000,201812,6,7433
WIRE TRANSFER,Credit,ANDE EXP CO 000,201801,2,2767
WIRE TRANSFER,Credit,ANDE EXP CO 000,201802,2,8318
WIRE TRANSFER,Credit,ANDE EXP CO 000,201803,2,6798
WIRE TRANSFER,Credit,ANDE EXP CO 000,201804,2,3135
WIRE TRANSFER,Credit,ANDE EXP CO 000,201805,2,1144
WIRE TRANSFER,Credit,ANDE EXP CO 000,201806,3,1344
WIRE TRANSFER,Credit,ANDE TR CO I000,201801,7,19441
WIRE TRANSFER,Credit,ANDE TR CO I000,201802,6,15100
WIRE TRANSFER,Credit,ANDE TR CO I000,201803,4,23927
WIRE TRANSFER,Credit,ANDE TR CO I000,201804,8,9262
WIRE TRANSFER,Credit,ANDE TR CO I000,201805,6,95156
WIRE TRANSFER,Credit,ANDE TR CO I000,201806,6,30381
WIRE TRANSFER,Credit,ANDE TR CO I000,201807,3,31901
WIRE TRANSFER,Credit,ANDE TR CO I000,201808,6,11583
WIRE TRANSFER,Credit,ANDE TR CO I000,201809,6,69369
WIRE TRANSFER,Credit,ANDE TR CO I000,201811,5,47761
WIRE TRANSFER,Credit,ANDE TR CO I000,201812,7,47893
WIRE TRANSFER,Credit,ANDE TR CO I000,201801,5,11302
WIRE TRANSFER,Credit,ANDE TR CO I000,201802,2,24934
WIRE TRANSFER,Credit,ANDE TR CO I000,201803,9,132903
WIRE TRANSFER,Credit,ANDE TR CO I000,201804,5,25852
WIRE TRANSFER,Credit,ANDE TR CO I000,201805,6,99040
WIRE TRANSFER,Credit,ANDE TR CO I000,201806,4,34997
WIRE TRANSFER,Credit,ANDRADE0J4C.000,201810,1,89975
WIRE TRANSFER,Credit,ANDRADE0J4C.000,201811,1,25004
WIRE TRANSFER,Credit,ANDRADE0J4C.000,201801,1,3811
WIRE TRANSFER,Credit,ANDRADE0M4D.000,201803,1,65964
WIRE TRANSFER,Credit,ANDRADE5S5B.001,201805,1,3100
WIRE TRANSFER,Credit,ANDRADE5S5B.001,201806,1,3100
WIRE TRANSFER,Credit,ANDRADE5S5B.001,201808,1,3100
WIRE TRANSFER,Credit,ANDRADE5S5B.001,201809,1,3100
WIRE TRANSFER,Credit,ANDRADE5S5B.001,201810,2,6200
WIRE TRANSFER,Credit,ANDRADE5S5B.001,201812,1,3100
WIRE TRANSFER,Credit,ANDRADE5S5B.001,201801,1,3100
WIRE TRANSFER,Credit,ANDRADE5S5B.001,201802,1,3100
WIRE TRANSFER,Credit,ANDRADE5S5B.001,201803,2,6200
WIRE TRANSFER,Credit,ANDRADE5S5B.001,201805,1,3100
WIRE TRANSFER,Credit,ANDRADE5S5B.001,201806,2,6200
WIRE TRANSFER,Debit,2CAL TEL IN 000,201801,1,3000
WIRE TRANSFER,Debit,2CAL TEL IN 000,201802,4,24559
WIRE TRANSFER,Debit,2CAL TEL IN 000,201803,11,76908
WIRE TRANSFER,Debit,2CAL TEL IN 000,201804,16,75401
WIRE TRANSFER,Debit,2CAL TEL IN 000,201805,25,95468
WIRE TRANSFER,Debit,2CAL TEL IN 000,201806,40,163716
WIRE TRANSFER,Debit,2CAL TEL IN 000,201807,20,86398
WIRE TRANSFER,Debit,2CAL TEL IN 000,201808,11,44915
WIRE TRANSFER,Debit,2CAL TEL IN 000,201809,3,7618
WIRE TRANSFER,Debit,3101 66 SO A000,201801,2,117695
WIRE TRANSFER,Debit,3101 66 SO A000,201805,1,120000
WIRE TRANSFER,Debit,3101 66 SO A000,201806,1,139049
WIRE TRANSFER,Debit,AAAS CO S  A000,201801,5,304540
WIRE TRANSFER,Debit,AAAS CO S  A000,201802,6,438000
WIRE TRANSFER,Debit,AAAS CO S  A000,201803,7,709000
WIRE TRANSFER,Debit,AAAS CO S  A000,201804,5,460447
WIRE TRANSFER,Debit,AAAS CO S  A000,201805,3,540000
WIRE TRANSFER,Debit,AAAS CO S  A000,201806,4,545000
WIRE TRANSFER,Debit,AAAS CO S  A000,201807,3,480000
WIRE TRANSFER,Debit,AAAS CO S  A000,201808,3,291000
WIRE TRANSFER,Debit,AAAS CO S  A000,201809,5,449000
WIRE TRANSFER,Debit,AAAS CO S  A000,201810,5,283068
WIRE TRANSFER,Debit,AAAS CO S  A000,201811,5,312000
WIRE TRANSFER,Debit,AAAS CO S  A000,201812,2,264000
WIRE TRANSFER,Debit,AAAS CO S  A000,201801,6,495280
WIRE TRANSFER,Debit,AAAS CO S  A000,201802,3,251000
WIRE TRANSFER,Debit,AAAS CO S  A000,201803,1,235000
WIRE TRANSFER,Debit,AAAS CO S  A000,201804,2,350000
WIRE TRANSFER,Debit,AAAS CO S  A000,201805,1,300000
WIRE TRANSFER,Debit,AAAS CO S  A000,201806,3,750000
WIRE TRANSFER,Debit,ABARCA.6A2M.000,201804,1,10000
WIRE TRANSFER,Debit,ABARCA.6A2M.000,201805,1,21000
WIRE TRANSFER,Debit,ABARCA.6A2M.000,201807,1,72028
WIRE TRANSFER,Debit,ABBOUD.3V5J.000,201801,1,6010
WIRE TRANSFER,Debit,ABBOUD.3V5J.000,201802,1,5000
WIRE TRANSFER,Debit,ABBOUD.3V5J.000,201803,1,10000
WIRE TRANSFER,Debit,ABBOUD.3V5J.000,201804,1,9000
WIRE TRANSFER,Debit,ABBOUD.3V5J.000,201805,1,9000
WIRE TRANSFER,Debit,ABBOUD.3V5J.000,201806,1,9000
WIRE TRANSFER,Debit,ABBOUD.3V5J.000,201807,3,28000
WIRE TRANSFER,Debit,ABBOUD.3V5J.000,201808,1,9000
WIRE TRANSFER,Debit,ABBOUD.3V5J.000,201809,3,40000
WIRE TRANSFER,Debit,ABBOUD.3V5J.000,201810,1,10000
WIRE TRANSFER,Debit,ABBOUD.3V5J.000,201811,2,20000
WIRE TRANSFER,Debit,ABBOUD.3V5J.000,201812,1,10000
WIRE TRANSFER,Debit,ABBOUD.3V5J.000,201801,2,20000
WIRE TRANSFER,Debit,ABBOUD.3V5J.000,201802,1,15000
WIRE TRANSFER,Debit,ABBOUD.3V5J.000,201803,1,15000
WIRE TRANSFER,Debit,ABBOUD.3V5J.000,201804,1,6000
WIRE TRANSFER,Debit,ABBOUD.3V5J.000,201806,2,15000
WIRE TRANSFER,Debit,ACHE SA     000,201812,1,5000
WIRE TRANSFER,Debit,ACHE SA     000,201801,1,10000
WIRE TRANSFER,Debit,ACHE SA     000,201802,2,25000
WIRE TRANSFER,Debit,ACHE SA     000,201803,1,15000
WIRE TRANSFER,Debit,ACHE SA     000,201804,2,50000
WIRE TRANSFER,Debit,ACHE SA     000,201805,2,30000
WIRE TRANSFER,Debit,ACHE SA     000,201806,2,32490
WIRE TRANSFER,Debit,ACT  AS C DT000,201802,1,24842
WIRE TRANSFER,Debit,ACT  AS C DT000,201803,1,28827
WIRE TRANSFER,Debit,ACT  AS C DT000,201805,2,32513
WIRE TRANSFER,Debit,ACT  AS C DT000,201806,2,35286
WIRE TRANSFER,Debit,ACT  AS C DT000,201808,2,42793
WIRE TRANSFER,Debit,ACT  AS C DT000,201810,2,788
WIRE TRANSFER,Debit,ACT  AS C DT000,201812,4,40901
WIRE TRANSFER,Debit,ACT  AS C DT000,201803,3,91491
WIRE TRANSFER,Debit,ACT  AS C DT000,201804,1,9972
WIRE TRANSFER,Debit,ACT  AS C DT000,201806,1,12240
WIRE TRANSFER,Debit,AERO GE C AA000,201805,3,383787
WIRE TRANSFER,Debit,AERO GE C AA000,201806,1,450800
WIRE TRANSFER,Debit,AERO GE C AA000,201808,1,5000
WIRE TRANSFER,Debit,AERO GE C AA000,201809,1,230
WIRE TRANSFER,Debit,AERO GE C AA000,201801,2,84600
WIRE TRANSFER,Debit,AERO GE C AA000,201804,3,34443
WIRE TRANSFER,Debit,AERO GE C AA000,201805,3,11626
WIRE TRANSFER,Debit,AERO GE C AA000,201806,1,3350
WIRE TRANSFER,Debit,AGEN PO D PS001,201807,3,26663
WIRE TRANSFER,Debit,AGEN PO D PS001,201808,2,5004
WIRE TRANSFER,Debit,AGEN PO D PS001,201809,2,7106
WIRE TRANSFER,Debit,AGEN PO D PS001,201810,3,6711
WIRE TRANSFER,Debit,AGEN PO D PS001,201811,1,2475
WIRE TRANSFER,Debit,AGEN PO D PS001,201812,1,825
WIRE TRANSFER,Debit,AGEN PO D PS001,201801,2,9148
WIRE TRANSFER,Debit,AGEN PO D PS001,201802,2,4707
WIRE TRANSFER,Debit,AGEN PO D PS001,201803,3,12827
WIRE TRANSFER,Debit,AGEN PO D PS001,201804,1,10000
WIRE TRANSFER,Debit,AGEN PO D PS001,201805,2,2510
WIRE TRANSFER,Debit,AGEN PO D PS001,201806,2,16291
WIRE TRANSFER,Debit,AGM  TEC IN 000,201806,1,8427
WIRE TRANSFER,Debit,AGP  GRO CO 001,201804,3,145896
WIRE TRANSFER,Debit,AGP  GRO CO 001,201805,1,19386
WIRE TRANSFER,Debit,AGP  GRO CO 001,201807,1,17556
WIRE TRANSFER,Debit,AGP  GRO CO 001,201808,1,38340
WIRE TRANSFER,Debit,AGP  GRO CO 001,201810,2,22130
WIRE TRANSFER,Debit,AGP  GRO CO 001,201811,1,38475
WIRE TRANSFER,Debit,AGRI CO S  A000,201807,1,15000
WIRE TRANSFER,Debit,AGRI CO S  A000,201808,7,152315
WIRE TRANSFER,Debit,AGRI CO S  A000,201809,4,176362
WIRE TRANSFER,Debit,AGRI CO S  A000,201810,3,178000
WIRE TRANSFER,Debit,AGRI CO S  A000,201811,4,303000
WIRE TRANSFER,Debit,AGRI CO S  A000,201812,4,272000
WIRE TRANSFER,Debit,AGRI CO S  A000,201801,4,192500
WIRE TRANSFER,Debit,AGRI CO S  A000,201802,4,168000
WIRE TRANSFER,Debit,AGRI CO S  A000,201803,3,92330
WIRE TRANSFER,Debit,AGRI CO S  A000,201804,6,175810
WIRE TRANSFER,Debit,AGRI CO S  A000,201805,5,264768
WIRE TRANSFER,Debit,AGRI CO S  A000,201806,8,191900
WIRE TRANSFER,Debit,AGRI S   A  000,201801,1,25700
WIRE TRANSFER,Debit,AGRI S   A  000,201802,1,60000
WIRE TRANSFER,Debit,AGRI S   A  000,201803,1,100700
WIRE TRANSFER,Debit,AGRI S   A  000,201804,1,75000
WIRE TRANSFER,Debit,AGRI S   A  000,201805,2,122700
WIRE TRANSFER,Debit,AGRI S   A  000,201806,2,245200
WIRE TRANSFER,Debit,AGRI S   A  000,201807,1,104000
WIRE TRANSFER,Debit,AGRI S   A  000,201808,1,42000
WIRE TRANSFER,Debit,AGRI S   A  000,201809,4,72400
WIRE TRANSFER,Debit,AGRI S   A  000,201810,2,75000
WIRE TRANSFER,Debit,AGRI S   A  000,201811,2,172000
WIRE TRANSFER,Debit,AGRI S   A  000,201812,2,63000
WIRE TRANSFER,Debit,AGRI S   A  000,201801,1,72000
WIRE TRANSFER,Debit,AGRI S   A  000,201802,2,51065
WIRE TRANSFER,Debit,AGRI S   A  000,201803,4,194523
WIRE TRANSFER,Debit,AGRI S   A  000,201804,2,55032
WIRE TRANSFER,Debit,AGRI S   A  000,201805,2,83580
WIRE TRANSFER,Debit,AGRI S   A  000,201806,2,186303
WIRE TRANSFER,Debit,AGRI S   A  001,201801,4,85000
WIRE TRANSFER,Debit,AGRI S   A  001,201802,6,142000
WIRE TRANSFER,Debit,AGRI S   A  001,201803,3,110000
WIRE TRANSFER,Debit,AGRI S   A  001,201804,2,60000
WIRE TRANSFER,Debit,AGRI S   A  001,201805,4,105000
WIRE TRANSFER,Debit,AGRI S   A  001,201806,3,120000
WIRE TRANSFER,Debit,AGRI S   A  001,201807,2,80000
WIRE TRANSFER,Debit,AGRI S   A  001,201808,2,60000
WIRE TRANSFER,Debit,AGRI S   A  001,201809,4,105000
WIRE TRANSFER,Debit,AGRI S   A  001,201810,3,90000
WIRE TRANSFER,Debit,AGRI S   A  001,201811,4,125000
WIRE TRANSFER,Debit,AGRI S   A  001,201812,3,75000
WIRE TRANSFER,Debit,AGRI S   A  001,201801,2,80000
WIRE TRANSFER,Debit,AGRI S   A  001,201802,2,38000
WIRE TRANSFER,Debit,AGRI S   A  001,201803,2,95000
WIRE TRANSFER,Debit,AGRI S   A  001,201804,2,100000
WIRE TRANSFER,Debit,AGRI S   A  001,201805,2,90000
WIRE TRANSFER,Debit,AGRI S   A  001,201806,2,70000
WIRE TRANSFER,Debit,AGRO SA     000,201806,4,33219
WIRE TRANSFER,Debit,AGRO SA     000,201807,6,42530
WIRE TRANSFER,Debit,AGRO SA     000,201808,6,68767
WIRE TRANSFER,Debit,AGRO SA     000,201809,1,1012
WIRE TRANSFER,Debit,AGRO SA     000,201810,5,40133
WIRE TRANSFER,Debit,AGRO SA     000,201811,4,39470
WIRE TRANSFER,Debit,AGRO SA     000,201812,3,18903
WIRE TRANSFER,Debit,AGRO SA     000,201801,5,73633
WIRE TRANSFER,Debit,AGRO SA     000,201802,5,41831
WIRE TRANSFER,Debit,AGRO SA     000,201803,2,47200
WIRE TRANSFER,Debit,AGRO SA     000,201804,4,73925
WIRE TRANSFER,Debit,AGRO SA     000,201805,21,94396
WIRE TRANSFER,Debit,AGRO SA     000,201806,15,94025
WIRE TRANSFER,Debit,AGUILAR0W6M.000,201803,2,305150
WIRE TRANSFER,Debit,AGUILAR9A4C.000,201802,2,6700
WIRE TRANSFER,Debit,AGUILAR9A4C.000,201803,3,8262
WIRE TRANSFER,Debit,AGUILAR9A4C.000,201804,2,5400
WIRE TRANSFER,Debit,AGUILAR9A4C.000,201805,2,6400
WIRE TRANSFER,Debit,AGUILAR9A4C.000,201806,2,7400
WIRE TRANSFER,Debit,AJI  PAN SA 000,201805,7,146000
WIRE TRANSFER,Debit,AJI  PAN SA 000,201806,6,148000
WIRE TRANSFER,Debit,AJI  PAN SA 000,201807,5,182000
WIRE TRANSFER,Debit,AJI  PAN SA 000,201808,6,121000
WIRE TRANSFER,Debit,AJI  PAN SA 000,201809,7,200000
WIRE TRANSFER,Debit,AJI  PAN SA 000,201810,10,208577
WIRE TRANSFER,Debit,AJI  PAN SA 000,201811,10,232150
WIRE TRANSFER,Debit,AJI  PAN SA 000,201812,7,219000
WIRE TRANSFER,Debit,AJI  PAN SA 000,201801,8,261000
WIRE TRANSFER,Debit,AJI  PAN SA 000,201802,9,187000
WIRE TRANSFER,Debit,AJI  PAN SA 000,201803,4,99000
WIRE TRANSFER,Debit,AJI  PAN SA 000,201804,6,144000
WIRE TRANSFER,Debit,AJI  PAN SA 000,201805,9,205000
WIRE TRANSFER,Debit,AJI  PAN SA 000,201806,5,121000
WIRE TRANSFER,Debit,ALCANTA8J5A.000,201808,1,4100
WIRE TRANSFER,Debit,ALCANTA8J5A.000,201809,1,4100
WIRE TRANSFER,Debit,ALCANTA8J5A.000,201810,2,8500
WIRE TRANSFER,Debit,ALCANTA8J5A.000,201811,2,6000
WIRE TRANSFER,Debit,ALCANTA8J5A.000,201812,1,3900
WIRE TRANSFER,Debit,ALCANTA8J5A.000,201801,1,4000
WIRE TRANSFER,Debit,ALCANTA8J5A.000,201803,1,3900
WIRE TRANSFER,Debit,ALCANTA8J5A.000,201804,2,8000
WIRE TRANSFER,Debit,ALCANTA8J5A.000,201805,2,5400
WIRE TRANSFER,Debit,ALCANTA8J5A.000,201806,1,3500
WIRE TRANSFER,Debit,ALDE LLC    000,201805,1,215000
WIRE TRANSFER,Debit,ALDE LLC    000,201812,4,189318
WIRE TRANSFER,Debit,ALDE LLC    000,201801,1,8334
WIRE TRANSFER,Debit,ALDE LLC    000,201803,2,430000
WIRE TRANSFER,Debit,ALIA CORP   000,201801,14,247720
WIRE TRANSFER,Debit,ALIA CORP   000,201802,18,303195
WIRE TRANSFER,Debit,ALIA CORP   000,201803,15,511844
WIRE TRANSFER,Debit,ALIA CORP   000,201804,9,194788
WIRE TRANSFER,Debit,ALIA CORP   000,201805,15,332922
WIRE TRANSFER,Debit,ALIA CORP   000,201806,13,437339
WIRE TRANSFER,Debit,ALIA CORP   000,201807,12,460015
WIRE TRANSFER,Debit,ALIA CORP   000,201808,14,316286
WIRE TRANSFER,Debit,ALIA CORP   000,201809,12,264918
WIRE TRANSFER,Debit,ALIA CORP   000,201810,13,322702
WIRE TRANSFER,Debit,ALIA CORP   000,201811,15,298541
WIRE TRANSFER,Debit,ALIA CORP   000,201812,16,330862
WIRE TRANSFER,Debit,ALIA CORP   000,201801,19,449109
WIRE TRANSFER,Debit,ALIA CORP   000,201802,14,298430
WIRE TRANSFER,Debit,ALIA CORP   000,201803,17,672848
WIRE TRANSFER,Debit,ALIA CORP   000,201804,8,267426
WIRE TRANSFER,Debit,ALIA CORP   000,201805,10,334495
WIRE TRANSFER,Debit,ALIA CORP   000,201806,13,506750
WIRE TRANSFER,Debit,ALIA LO TD S000,201804,1,320000
WIRE TRANSFER,Debit,ALIA LO TD S000,201805,1,360000
WIRE TRANSFER,Debit,ALIA LO TD S000,201806,1,220000
WIRE TRANSFER,Debit,ALIM IN DE N000,201801,5,276800
WIRE TRANSFER,Debit,ALIM IN DE N000,201802,8,307200
WIRE TRANSFER,Debit,ALIM IN DE N000,201803,11,363774
WIRE TRANSFER,Debit,ALIM IN DE N000,201804,13,433400
WIRE TRANSFER,Debit,ALIM IN DE N000,201805,10,356935
WIRE TRANSFER,Debit,ALIM IN DE N000,201806,13,411000
WIRE TRANSFER,Debit,ALIM IN DE N000,201807,14,450074
WIRE TRANSFER,Debit,ALIM IN DE N000,201808,15,618100
WIRE TRANSFER,Debit,ALIM IN DE N000,201809,17,528174
WIRE TRANSFER,Debit,ALIM IN DE N000,201810,12,406300
WIRE TRANSFER,Debit,ALIM IN DE N000,201811,11,470174
WIRE TRANSFER,Debit,ALIM IN DE N000,201812,8,454200
WIRE TRANSFER,Debit,ALIM IN DE N000,201801,10,472000
WIRE TRANSFER,Debit,ALIM IN DE N000,201802,11,528000
WIRE TRANSFER,Debit,ALIM IN DE N000,201803,19,727174
WIRE TRANSFER,Debit,ALIM IN DE N000,201804,11,705674
WIRE TRANSFER,Debit,ALIM IN DE N000,201805,8,385285
WIRE TRANSFER,Debit,ALIM IN DE N000,201806,9,450000
WIRE TRANSFER,Debit,ALL  IN TO C000,201810,1,10993
WIRE TRANSFER,Debit,ALL  IN TO C000,201812,1,10669
WIRE TRANSFER,Debit,ALL  IN TO C000,201801,1,514
WIRE TRANSFER,Debit,ALL  IN TO C000,201802,1,11104
WIRE TRANSFER,Debit,ALL  IN TO C000,201803,1,4125
WIRE TRANSFER,Debit,ALL  IN TO C000,201806,2,21780
WIRE TRANSFER,Debit,ALLT COR LL 000,201801,1,1500
WIRE TRANSFER,Debit,ALLT COR LL 000,201802,1,5000
WIRE TRANSFER,Debit,ALLT COR LL 000,201803,2,10000
WIRE TRANSFER,Debit,ALLT COR LL 000,201804,1,4900
WIRE TRANSFER,Debit,ALLT COR LL 000,201805,1,640
WIRE TRANSFER,Debit,ALTI IN GR L000,201801,1,11088
WIRE TRANSFER,Debit,ALTI IN GR L000,201802,1,2268
WIRE TRANSFER,Debit,ALTI IN GR L000,201804,1,11088
WIRE TRANSFER,Debit,ALTI IN GR L000,201805,2,88800
WIRE TRANSFER,Debit,ALVAREZ4J3C.000,201812,1,600
WIRE TRANSFER,Debit,ALVAREZ4J3C.000,201805,1,590
WIRE TRANSFER,Debit,ALVAREZ6D3I.001,201810,1,8200
WIRE TRANSFER,Debit,ALVAREZ6D3I.001,201812,1,22696
WIRE TRANSFER,Debit,ALVAREZ6D3I.001,201801,1,8795
WIRE TRANSFER,Debit,ALVAREZ6D3I.001,201806,1,8680
WIRE TRANSFER,Debit,AMADOR.3E6X.000,201802,1,480
WIRE TRANSFER,Debit,AMARIST6Y6P.000,201805,1,40000
WIRE TRANSFER,Debit,AMARIST6Y6P.000,201806,1,10000
WIRE TRANSFER,Debit,AMARIST6Y6P.000,201811,1,1000
WIRE TRANSFER,Debit,AMAZ AR A GD001,201805,2,18900
WIRE TRANSFER,Debit,AMAZ AR A GD001,201806,2,19800
WIRE TRANSFER,Debit,AMAZ AR A GD001,201808,2,19800
WIRE TRANSFER,Debit,AMAZ AR A GD001,201809,3,29700
WIRE TRANSFER,Debit,AMAZ AR A GD001,201811,2,19800
WIRE TRANSFER,Debit,AMAZ AR A GD001,201812,1,9900
WIRE TRANSFER,Debit,AMAZ AR A GD001,201801,2,19800
WIRE TRANSFER,Debit,AMAZ AR A GD001,201802,1,9900
WIRE TRANSFER,Debit,AMAZ AR A GD001,201804,2,10840
WIRE TRANSFER,Debit,AMAZ AR A GD001,201805,5,49500
WIRE TRANSFER,Debit,AMAZ AR A GD001,201806,2,19800
WIRE TRANSFER,Debit,AMBI SA     000,201806,1,370000
WIRE TRANSFER,Debit,AMBI SA     000,201807,1,50000
WIRE TRANSFER,Debit,AMBI SA     000,201812,1,70000
WIRE TRANSFER,Debit,AMEZAGA0J5..000,201807,1,25000
WIRE TRANSFER,Debit,AMEZAGA0J5..000,201808,3,157000
WIRE TRANSFER,Debit,AMEZAGA0J5..000,201809,1,15000
WIRE TRANSFER,Debit,AMEZAGA0J5..000,201810,1,178000
WIRE TRANSFER,Debit,AMEZAGA0J5..000,201811,2,121000
WIRE TRANSFER,Debit,AMEZAGA0J5..000,201812,4,352000
WIRE TRANSFER,Debit,AMEZAGA0J5..000,201801,1,20000
WIRE TRANSFER,Debit,ANCH FIN LL 000,201801,4,208096
WIRE TRANSFER,Debit,ANCH FIN LL 000,201802,13,868022
WIRE TRANSFER,Debit,ANCH FIN LL 000,201803,17,915574
WIRE TRANSFER,Debit,ANCH FIN LL 000,201804,9,858517
WIRE TRANSFER,Debit,ANCH FIN LL 000,201805,15,649230
WIRE TRANSFER,Debit,ANCH FIN LL 000,201806,26,1072209
WIRE TRANSFER,Debit,ANCH FIN LL 000,201807,16,989300
WIRE TRANSFER,Debit,ANCH FIN LL 000,201808,23,1189696
WIRE TRANSFER,Debit,ANCH FIN LL 000,201809,17,962343
WIRE TRANSFER,Debit,ANCH FIN LL 000,201810,22,955887
WIRE TRANSFER,Debit,ANCH FIN LL 000,201811,19,1280169
WIRE TRANSFER,Debit,ANCH FIN LL 000,201812,16,1050625
WIRE TRANSFER,Debit,ANCH FIN LL 000,201801,10,394987
WIRE TRANSFER,Debit,ANCH FIN LL 000,201802,10,1014993
WIRE TRANSFER,Debit,ANCH FIN LL 000,201803,8,810400
WIRE TRANSFER,Debit,ANCH FIN LL 000,201804,14,932619
WIRE TRANSFER,Debit,ANCH FIN LL 000,201805,12,938514
WIRE TRANSFER,Debit,ANCH FIN LL 000,201806,10,445765
WIRE TRANSFER,Debit,ANDE EXP CO 000,201801,3,60700
WIRE TRANSFER,Debit,ANDE EXP CO 000,201802,2,48000
WIRE TRANSFER,Debit,ANDE EXP CO 000,201803,4,9800
WIRE TRANSFER,Debit,ANDE EXP CO 000,201804,1,700
WIRE TRANSFER,Debit,ANDE EXP CO 000,201805,1,700
WIRE TRANSFER,Debit,ANDE EXP CO 000,201806,1,700
WIRE TRANSFER,Debit,ANDE EXP CO 000,201807,1,700
WIRE TRANSFER,Debit,ANDE EXP CO 000,201808,2,40700
WIRE TRANSFER,Debit,ANDE EXP CO 000,201809,1,700
WIRE TRANSFER,Debit,ANDE EXP CO 000,201810,1,700
WIRE TRANSFER,Debit,ANDE EXP CO 000,201811,2,30700
WIRE TRANSFER,Debit,ANDE EXP CO 000,201812,2,20700
WIRE TRANSFER,Debit,ANDE EXP CO 000,201801,2,13700
WIRE TRANSFER,Debit,ANDE EXP CO 000,201803,2,1400
WIRE TRANSFER,Debit,ANDE EXP CO 000,201804,1,700
WIRE TRANSFER,Debit,ANDE EXP CO 000,201806,1,1400
WIRE TRANSFER,Debit,ANDRADE0J4C.000,201810,2,247953
WIRE TRANSFER,Debit,ANDRADE0J4C.000,201812,1,110000
WIRE TRANSFER,Debit,ANDRADE4S7R.000,201808,1,3200
WIRE TRANSFER,Debit,ANDRADE4S7R.000,201809,1,3000
WIRE TRANSFER,Debit,ANDRADE4S7R.000,201810,1,3000
WIRE TRANSFER,Debit,ANDRADE4S7R.000,201811,1,3000
WIRE TRANSFER,Debit,ANDRADE4S7R.000,201812,1,3000
WIRE TRANSFER,Debit,ANDRADE4S7R.000,201801,1,2600
WIRE TRANSFER,Debit,ANDRADE4S7R.000,201802,2,3700
WIRE TRANSFER,Debit,ANDRADE4S7R.000,201803,1,3000
WIRE TRANSFER,Debit,ANDRADE4S7R.000,201804,2,3600
WIRE TRANSFER,Debit,ANDRADE4S7R.000,201805,2,3500
WIRE TRANSFER,Debit,ANDRADE4S7R.000,201806,1,3000
